timestamp,temperature,pH,OLR,HRT,TS,VS,C_N_ratio,ambient_temperature,moisture,methane_yield,VFA_ALK_ratio,stability_label
2026-01-01 00:00:00,34.47352173878765,7.107073592707549,4.035052183143299,24.788235309214425,8.880424872402784,7.199738386715198,27.99206882464005,27.365660495705317,79.75587762507375,173.95025846372613,0.2597082889861043,Stable
2026-01-01 01:00:00,35.798467596634225,7.251949377036892,3.954209428092585,28.28441755620196,9.620472345870024,6.991291077712415,18.723004308299338,25.83808585329058,76.78704540907695,182.9275464851652,0.2169388816503335,Stable
2026-01-01 02:00:00,36.63499582436844,7.095986478736664,3.8031473711454575,29.18099057840434,7.01848811180496,4.655019959023588,24.284199156194372,28.07264949308148,77.19250678353885,187.5983334292337,0.1641669286021725,Stable
2026-01-01 03:00:00,34.99166158259311,7.372718974572656,3.455191833264607,25.541088008152663,6.724492876599482,5.053898144522263,30.02838441076893,28.38677599578573,80.39521626492976,184.0837017043168,0.1605264476430568,Stable
2026-01-01 04:00:00,31.27089013996242,6.970658147005231,3.0067174997965114,29.779167865404418,9.864595564675971,7.104767699085999,18.26280530117746,25.002769907626995,81.34270127084119,183.38985598872748,0.1631722610390539,Stable
2026-01-01 05:00:00,30.572215987357573,6.728049342470329,2.7887730200004843,28.65615200940121,7.984438865370076,5.76269978898716,29.199868309722792,25.867208585452452,83.03571488485007,174.00060122244818,0.1617465925696126,Stable
2026-01-01 06:00:00,36.25038332677156,7.65355310307169,4.367429145071252,30.564751148461312,6.59497656598616,4.986743769605103,31.286343535450733,27.668916971037916,83.77190368903226,156.30530194775275,0.2658895371573932,Stable
2026-01-01 07:00:00,34.51237401918175,6.930702553768115,3.9736032037949425,29.92151327738781,11.430682584628125,8.778844893068099,23.00007513673101,27.221549113684464,77.24239964060217,184.286788266055,0.2027946734707468,Stable
2026-01-01 08:00:00,,6.94083621655903,2.8800218295996816,32.84989098053626,8.236410654145816,6.028662350293672,22.45646121442674,27.666232471561177,81.25308235424194,181.91906505500145,0.1717034907418611,Stable
2026-01-01 09:00:00,33.676461644694314,7.081575070099788,3.4298738261673507,24.15153416716875,11.799623207730717,8.57434467361218,28.648924885588016,26.74789139023311,76.44698824596429,184.37288173686397,0.1678183676013941,Stable
2026-01-01 10:00:00,35.109675232232874,7.118810710703114,3.17491368026124,18.364709788192457,9.556941582218856,8.061230356251409,23.162413312367164,28.91174329074278,75.68043135224498,176.1621940627024,0.1891539860433472,Stable
2026-01-01 11:00:00,40.02583905607228,6.99172858010328,2.553841970720687,28.318593718427103,10.089517724110609,8.031563535390731,13.410929846872085,28.87448387173096,75.6467275287583,176.3924783508035,0.2090368624986351,Stable
2026-01-01 12:00:00,32.69920211262993,7.095118508854277,3.5332385324659765,28.902765946613883,9.077000507806297,7.042345790231257,23.555424323896897,28.104759336416556,77.40504717829945,183.91325979850353,0.1835231980635369,Stable
2026-01-01 13:00:00,34.57959541391436,7.088866575200111,3.088380501820603,32.8499769669057,4.189675510908606,3.088697191571975,26.11681785687553,29.462297013382468,87.31372218068222,177.5376368023709,0.1331576526083281,Stable
2026-01-01 14:00:00,38.9743143269436,7.148949411565826,2.6855975002782357,31.40645178084853,7.226427017892592,4.875555567950213,27.330377341121107,28.754375040732203,83.46529980990852,191.1316468145928,0.1224285608149889,Stable
2026-01-01 15:00:00,37.959141835048975,6.439903511483551,2.290650584393678,34.727362279322826,9.248581080562552,7.324934030779474,20.037168758616343,27.24561552012105,76.05172501112038,179.71811100718307,0.153042681409451,Stable
2026-01-01 16:00:00,35.312325851118246,7.626645365962197,2.2271473748457464,28.099269901632667,10.22945827458541,7.548687342868889,22.785894962373263,28.802291728569525,77.90401951395509,181.69452741815024,0.2205078237673635,Stable
2026-01-01 17:00:00,34.02758139779043,7.058759272210324,3.12143040422902,26.14405295969314,5.920651955223759,4.134129000553086,28.396082688685347,27.29175304340825,81.07283018789443,181.94512544090145,0.1272630414181152,Stable
2026-01-01 18:00:00,38.8112172779568,7.262574333445156,3.336178772181313,18.075084393371267,9.392796584279075,6.7311342213160055,23.73000620363998,29.57874648485017,78.2194520674692,190.6295591982733,0.1996690514513433,Stable
2026-01-01 19:00:00,31.892237621387697,6.714131624370473,2.743524392378263,26.5404826725704,7.255471825571937,4.910938361344032,17.12067902717589,28.546437215278317,79.4044211270475,174.39184183703682,0.1144162898338202,Stable
2026-01-01 20:00:00,32.74339229270514,6.96811992685021,3.888054570742921,22.23748321564341,9.969240330179309,7.857287644599145,29.569371043291692,28.465779661716255,81.5449887268364,192.53687354791063,0.2161396156986768,Stable
2026-01-01 21:00:00,35.38979835589571,6.911751557430284,3.3508400936627782,26.057550067162353,9.46119842860035,7.262104068641173,23.0365003993024,27.95126515759713,78.49153522921556,193.0429018533619,0.1997089546549159,Stable
2026-01-01 22:00:00,41.415453453120456,7.511522654062392,3.832663982948988,25.27256593154828,10.987003204859146,8.130270143577691,28.91048449731621,30.3156723208622,77.55338880664404,190.78601281226457,0.1680731012374193,Stable
2026-01-01 23:00:00,35.87142147640199,6.935972190085953,3.2628169073592193,27.358667944250676,11.633645860375037,8.46518510644186,17.720444868600527,28.742881652735473,76.92699965495827,186.71448845448953,0.1657630925124776,Stable
2026-01-02 00:00:00,36.69532014290445,7.312262396343225,2.8096617735946703,24.513346452307445,10.41797979854806,7.215109549242174,23.455559635849117,28.493446559434137,75.0125947640494,191.3640198261502,0.1864488648749261,Stable
2026-01-02 01:00:00,38.93098629760374,6.917882273251505,3.4855881783539604,29.675100953662923,11.22078717794115,6.876614590392753,26.293812106547556,28.66340775247571,77.05059706666017,193.32468301224336,0.1915499992269021,Stable
2026-01-02 02:00:00,42.01641845197247,,2.4529941159862583,11.38422843562471,8.799315048152323,5.739696595446591,23.607848123245553,29.802648985416177,81.85647700631478,185.04666660492077,0.1941447388085934,Stable
2026-01-02 03:00:00,36.52598263964232,7.031245953743808,3.8045788904774858,25.949967875789223,15.146234822534293,10.43809598182794,18.67647208955553,29.67967958593895,76.53549264116747,196.01499851686964,0.179528625898181,Stable
2026-01-02 04:00:00,37.77935704096259,7.459476635512203,2.69713809511515,31.01244889576281,7.062361807010237,4.808669277197142,13.259385119204184,29.81303048842944,78.06810077369116,178.41891676940887,0.1695870023838216,Stable
2026-01-02 05:00:00,41.554764846874086,6.570841255471566,4.088674394900087,34.35024254228107,8.444488444181358,6.298869199044822,30.85469308276512,29.9106544041884,75.75900846234681,174.63979181109443,0.1913509335652556,Stable
2026-01-02 06:00:00,36.994456321461584,6.731614204523159,3.146158190318564,28.659806691925315,11.302717165493783,8.755448164400558,25.11617190855596,32.03885487184444,76.85261928461001,187.65372548276665,0.1996812519132473,Stable
2026-01-02 07:00:00,39.11081884070663,6.554754553606851,4.196900137232437,33.4244151129127,11.005442609721984,7.956228930212141,29.25060473756012,29.05565669959898,79.7675263296156,185.9370177514941,0.140497883355531,Stable
2026-01-02 08:00:00,34.96575569721939,6.795499406466794,2.5580326085587632,25.84467997879371,10.474778038284695,8.458283037285584,28.17901094712202,29.002386761941903,78.42421309742453,197.1844575464413,0.1638106425034921,Stable
2026-01-02 09:00:00,36.91844331800036,6.872751985666209,2.8916727244533846,25.014312879635316,10.850637315986216,7.453743584078841,26.685810717538107,28.71349858379405,78.85010287421329,192.5075641227371,0.1785082239382384,Stable
2026-01-02 10:00:00,38.016113778128144,,3.685701210136428,27.64707821613876,5.3328856907879185,3.8532523340658287,22.553981901838196,30.50135187292869,79.26649175694577,171.2472478448522,0.256139439199417,Stable
2026-01-02 11:00:00,37.2722523313182,6.894438630947892,4.277872820070066,24.98402858554467,12.67859738907567,9.21982156853165,26.20395116537608,31.18827553272066,73.89143390024935,179.7200605722932,0.2480689203455764,Stable
2026-01-02 12:00:00,35.80106056276661,6.535879945338643,4.649956681236191,21.088212659913196,9.09221808226677,7.183490995907549,30.44641625866826,29.767264418083155,73.41750115325098,175.08784291895088,0.2874917797606966,Stable
2026-01-02 13:00:00,37.51827439095629,6.814963157345049,3.4310246227606545,22.423798779340505,11.991788364541703,8.8238431574532,24.373549177231908,28.965445662448783,75.6519915123434,191.48560900902868,0.2207077790785039,Stable
2026-01-02 14:00:00,39.04408554807151,7.436117711974855,4.778309223090067,19.439235469619213,5.432946842064088,4.0059631993968425,32.55765469979636,29.053006891746143,77.15650455582774,171.34561841399747,0.3277151781047043,Warning
2026-01-02 15:00:00,38.63147268121697,7.213004659678709,3.182751587630927,27.641885474326223,10.01313700696238,6.398230619124388,17.252601510899147,30.890945087593977,81.31851724763881,173.05219277474083,0.1617934603447745,Stable
2026-01-02 16:00:00,39.20929282736145,7.152490948208308,4.224075716772229,25.056959062502383,8.372995441710303,5.697866359868282,16.76891124931899,31.069066509895016,83.51405822806204,172.08099932526136,0.1899895894994965,Stable
2026-01-02 17:00:00,,6.819222004241848,2.693364252280521,23.198569416209512,10.644240303162606,8.4119022862206,28.446338465337274,30.89493292714114,77.7073684269918,190.97516524979088,0.1256491410106616,Stable
2026-01-02 18:00:00,35.56632389643904,6.669896211467477,3.7151503801474406,22.166581215813547,10.134140904937691,6.2411732597148735,20.31565678565605,29.509561442464957,74.08442632586748,173.7742130937905,0.2498222295616075,Stable
2026-01-02 19:00:00,40.13019669867064,6.781036298850401,1.6437302193576655,27.52528173099813,10.232095594998356,8.225219390516584,33.19501614192951,30.65081168184479,78.70718603978459,165.72454640080483,0.1769777462262954,Stable
2026-01-02 20:00:00,40.2139730012067,7.087901248469115,2.558806741260157,28.90224090305035,7.3821166235370175,5.591817119337532,30.01803617054825,30.57528680708721,85.26571477261534,169.96937874506662,0.1505390683996612,Stable
2026-01-02 21:00:00,43.96697054883387,7.343089498323467,,19.347430017474085,9.38606175836278,6.4659296091504705,31.14407178041119,30.75971795133305,79.80327699085453,175.64272314996202,0.2051127227352961,Stable
2026-01-02 22:00:00,38.85178926382754,7.352662876797889,2.415670860849607,18.56157665112191,9.139665904141316,6.253700378709666,27.979963374980628,31.603997644946705,81.822794072086,191.10940656174836,0.1908770764586786,Stable
2026-01-02 23:00:00,37.970371246672926,7.276571461495333,3.720212208091888,29.772549778105073,10.490620083414864,8.752088731914354,19.852873693483676,30.88653485000918,76.29646663734458,195.45763149816483,0.2068126213533588,Stable
2026-01-03 00:00:00,41.02971313365369,6.893484078060975,4.079843590609272,18.124333807557026,11.478593990866932,9.270426094823977,16.532962799391637,31.4917813905062,74.34338088954962,194.80393277193969,0.2599027273601673,Stable
2026-01-03 01:00:00,40.45416365969372,7.106873953073117,3.0240098554612915,27.737434169112426,9.800951844017227,7.090310017376523,30.7288260113506,30.81595532186945,78.02189313307615,207.86748669533955,0.1254286281331239,Stable
2026-01-03 02:00:00,38.06829801406737,7.010024091589571,2.673285283244351,33.084545993770064,6.947655423222803,5.123218791700437,17.251943072945743,31.138472320820796,76.23558118942537,204.28942503638393,0.0866152335469163,Stable
2026-01-03 03:00:00,38.79829465156584,7.04366686622147,3.044360038108946,33.09617401696567,9.715157619133535,6.746788604519058,31.13198559477384,31.604620005425936,83.94506378415133,201.9644548836309,0.1181918356983444,Stable
2026-01-03 04:00:00,38.235153947963155,7.670395811148747,2.6756407606118606,28.689362953160455,14.722152456818524,10.856308358343602,27.0132664210321,29.152892271527076,73.62697265938272,186.52842960905568,0.1229095256646757,Stable
2026-01-03 05:00:00,36.9159543426858,6.606639933638988,3.324089831488062,28.5440475766106,12.792010653975572,8.864035703385914,23.65686305780954,30.571122824155125,77.37492173194195,182.684804811552,0.1379708714888144,Stable
2026-01-03 06:00:00,37.621290279692,7.034290491541767,3.4765679686660613,36.25953725098228,4.0,2.90272053468168,25.9892145795089,30.442358255722027,82.84622867900949,181.12454917635705,0.2195561699043955,Stable
2026-01-03 07:00:00,38.470227411881666,7.439289694014923,3.1704924076773935,13.328021685531146,9.62668630738969,7.985992022257032,26.09380920952095,30.291041877144796,74.51559776796459,185.50410577819957,0.1161392278434551,Stable
2026-01-03 08:00:00,40.76908943468457,6.6895503813906085,4.655769430140116,22.678321619596822,11.364239050510689,8.23613255838559,23.089153251358137,30.77721206504005,80.2002980261915,178.72939722163088,0.2928601117770648,Stable
2026-01-03 09:00:00,39.74058547295123,6.91975072092545,2.8604471352347685,29.242459245383007,9.13534597486404,6.1422302255443135,30.41559255713691,32.94978270531031,76.05440332194438,180.5099709715691,0.1932620467947511,Stable
2026-01-03 10:00:00,34.47932576527916,6.95186922068106,4.443574884441484,23.313564960790213,8.579818159712232,5.618489952527573,30.261303872697905,30.1640946893405,80.29227874921088,186.6842558202546,0.2926835399827933,Stable
2026-01-03 11:00:00,36.57782454811099,7.037478877824884,2.6190705727659145,31.198891543035177,8.966071569833023,6.607918326046069,24.700466858194236,32.41101948314742,80.14164045846562,178.86574304797324,0.1632318261758503,Stable
2026-01-03 12:00:00,34.75554993202778,6.653131995310259,3.4545831774561617,24.803229698449037,10.604378970869304,7.297411517090908,21.300025259848628,29.274376065440048,77.5804992883279,180.14077334917542,0.2508328491005374,Stable
2026-01-03 13:00:00,36.30908430126518,7.266680096894651,4.2873290564110516,25.658719301687988,7.203060051249983,5.35593018564148,29.87679319981931,30.935419737665057,78.83547935829452,183.2046560505279,0.3052461725238889,Warning
2026-01-03 14:00:00,39.2655406866074,7.28656043910368,4.248517864189989,23.62662667877031,11.877377303218742,7.612535720904716,14.898478289375312,31.57476220384722,75.74854210421569,188.6852962802701,0.2365686036797642,Stable
2026-01-03 15:00:00,37.746044040152746,7.242345091005025,3.0848065767248234,22.387445205959697,9.38801401660386,7.209654518730677,25.997516731550952,32.123804347347956,76.23685891829018,198.5783009530956,0.2017257472499236,Stable
2026-01-03 16:00:00,38.90786870840677,6.856295371198497,3.8163022900535086,22.26445018426174,7.629951451776901,5.124969202150843,27.328087986940147,32.31337862804917,82.39299277962044,185.28841808389575,0.2731427516009975,Stable
2026-01-03 17:00:00,38.901999260537025,7.124223021420442,3.7158843127481695,26.35583148418388,11.74870032279739,8.60646753001799,20.272416743498944,32.450171030501124,77.68016699594814,203.2236775377411,0.1765735820916691,Stable
2026-01-03 18:00:00,38.23558325561907,6.848156732920655,2.995045616055445,21.127175170885664,6.409738189776718,4.559844950646791,28.38203469346941,31.116598977315057,81.53675572747854,204.40733138135656,0.1759614020725459,Stable
2026-01-03 19:00:00,41.66082645277543,7.006872934983976,3.861962452861055,29.76602441745644,8.389579805996831,6.917304131900733,23.88126362407518,31.015817789729187,78.1895415147656,198.46680039041303,0.1838823937780015,Stable
2026-01-03 20:00:00,41.9583226749528,7.702971019607846,4.79686912903928,28.266129623014116,8.35664986942967,6.179173528514824,21.544349451228967,32.63442749609176,84.91164488002536,168.15471424864984,0.2870171207511234,Stable
2026-01-03 21:00:00,39.44040205859005,7.126794705726951,3.7537754987969727,30.497082204849203,13.78788387647226,11.540472001629356,28.334505028486525,31.40814322803805,70.9569561581444,191.04972934090284,0.130015236655658,Stable
2026-01-03 22:00:00,37.21630999494744,6.767492558723591,3.824767284303003,19.355378220035007,8.129958462721113,6.185604360930084,19.114420070860128,30.13836255610912,76.00850879512679,179.13434071754102,0.2816292788608873,Stable
2026-01-03 23:00:00,37.47287031965926,7.150493895385895,3.9041162336505306,16.50261726606778,5.19006955899979,4.195638351833508,27.911370014537457,30.3393356329053,82.60491548943014,177.52047030648757,0.2493181627199991,Stable
2026-01-04 00:00:00,39.280132133837675,6.721497140702273,2.3042675444836447,24.97907122184118,8.336369769441717,5.989815883615881,15.07944203781335,30.624639193933778,79.01851191413101,153.54603249987323,0.1985237788043357,Stable
2026-01-04 01:00:00,41.52021362104486,6.7642770900957965,3.7451685049047168,39.49400306779761,10.411100694809557,7.797942194334389,25.285670010290385,32.35187547434028,80.3328554420764,171.8523733950237,0.0918292756556921,Stable
2026-01-04 02:00:00,38.136850004043005,6.8084855219343385,2.6374303188711044,31.331043890472852,11.068169093167208,8.82161186992819,24.197297802960723,31.952085016244204,78.54712204419947,179.0669473653404,0.1208492606542855,Stable
2026-01-04 03:00:00,40.70719285547128,6.975593353385208,2.95758479447665,22.227768457466436,14.053079386885544,10.95820902239364,21.57136904910408,32.63423134424282,74.02073458056955,186.77072763889333,0.2337224352237502,Stable
2026-01-04 04:00:00,35.25275737534437,7.362351318764976,,27.122560672156705,12.313795141971765,9.348690288352472,25.75331190550055,31.31599651267043,76.93704931507692,202.67740563580736,0.2743255347306992,Stable
2026-01-04 05:00:00,40.46399480689079,7.261951495444714,3.2100537927558923,28.637934537218417,9.875845187830304,7.031242136899148,23.64193441784495,32.04056723854959,79.32956918279383,202.40045763931465,0.1142120449610492,Stable
2026-01-04 06:00:00,42.14550923254028,7.246438691909251,2.8448694217793293,18.158058796335695,7.717169064850445,5.56614163979814,28.74613032287496,32.62121074862291,85.54172273560442,201.25703634816708,0.1903926719800854,Stable
2026-01-04 07:00:00,38.95788860610225,6.792301121634647,4.264436934176044,31.848129345173025,12.748054862694715,10.10374378335034,26.520679449615457,31.518025859864,75.88535361354387,206.39486550500737,0.2493087567907809,Stable
2026-01-04 08:00:00,44.08771662870715,6.948431980478018,2.689242247868217,24.162879365895297,8.762872899347537,7.045569922878005,26.037124047934583,32.45466263642694,77.53443426895372,216.7924956938332,0.1948418195574124,Stable
2026-01-04 09:00:00,37.365581059608374,7.176160309927292,3.064435641857742,24.546595776960697,8.183685527570791,5.707241317567357,25.31337541602092,31.12805795448048,80.31256722199974,199.6453335250816,0.1720108760387699,Stable
2026-01-04 10:00:00,39.935963426698365,6.924070404091244,4.336789125989625,25.11892329716928,8.66585239569186,5.971580446919835,21.875250945538312,31.501082596091845,72.78744907113254,199.4622322532752,0.2870780905389975,Stable
2026-01-04 11:00:00,39.41992750930686,7.0220573967156925,3.4320756739809695,30.722700696539473,6.995423522206381,4.7587952388778705,22.641884025109363,31.491577002638778,80.92295762424271,198.15524842348205,0.1544286073330021,Stable
2026-01-04 12:00:00,38.325508137495994,7.223580433908386,2.228802216155103,21.22408920899296,8.569959817658049,6.647148218452522,25.116971280994,30.52610347238281,82.16249636010693,205.55400978603632,0.2011275639418599,Stable
2026-01-04 13:00:00,40.32681217540296,7.0023436492636355,3.807992210741965,16.46514997607774,9.033783340043168,6.132844659920307,23.219882308017887,32.55545651141246,80.47167695713289,210.6308746649602,0.2309230034253739,Stable
2026-01-04 14:00:00,39.630522232511574,7.163296684948567,3.102650588465118,26.614776464500224,10.961313211624237,8.494669030381926,29.00153773694848,31.416312172492628,77.78507689748996,221.76436884327933,0.1682827712104163,Stable
2026-01-04 15:00:00,41.6975352949414,7.545963967685479,4.554888614897684,14.781709569134357,8.723823329797963,6.630218868791562,24.420525852946888,32.001617808014004,80.89927455912827,202.1323588488777,0.260281339168256,Stable
2026-01-04 16:00:00,43.3245455690144,7.05187953628364,2.9453597892744,23.4944820243223,6.96508151632297,4.8756960047717905,25.69184973521309,32.56907309646491,83.79305984587133,195.38398340841093,0.1643569885058026,Stable
2026-01-04 17:00:00,40.52758697842604,7.430214586721378,4.188419480294445,30.93437144929409,6.2924556894866,5.1347210023602186,17.687922297469974,32.53208746743435,85.27062782875886,187.35167629297143,0.2256326891974671,Stable
2026-01-04 18:00:00,42.42793678501006,7.25662361884606,4.731773524274286,27.89546951754369,9.919139495046233,6.443232576580597,28.244536224271695,32.797304640666795,79.1995002556774,191.4683419829565,0.2501351324792103,Stable
2026-01-04 19:00:00,38.47823722473608,6.689172241823705,2.761792582141322,30.21178032862638,9.64525170693845,7.921397276294837,21.384718828465456,31.881771117269643,77.56446970677982,182.43709341005743,0.1884170055770001,Stable
2026-01-04 20:00:00,41.02353622427317,6.791401631806213,3.2550902344313553,28.101756826014142,8.391374577573664,6.272877432019524,19.308058879664788,31.491625318820702,73.8248204460269,170.77952465243015,0.1625199769746318,Stable
2026-01-04 21:00:00,38.378086502695126,6.866593152740428,3.6914689556083378,37.05167244391704,8.565087079015859,5.275745473171047,31.407837041006573,31.902069550349108,81.88034648850346,173.06644685274358,0.2319672833842728,Stable
2026-01-04 22:00:00,40.1509171293518,6.86064622325882,2.756990685584369,22.058801861715924,10.27697386559834,8.401974719685219,27.13929685094666,29.969597257175533,79.01103241841142,179.15053191699212,0.1638085642488772,Stable
2026-01-04 23:00:00,42.67433259220574,7.0747188710900915,3.602721210030873,26.990658385041616,12.281092507378697,9.621888273950027,28.39693073501299,30.253050837419256,76.1005562114108,190.7861809363912,0.2308355790534778,Stable
2026-01-05 00:00:00,38.15188719800278,7.27210033346291,3.231309784370506,22.809397643936748,7.939710831712024,5.60899567539147,26.04523282308293,30.396054973945567,78.34016043030239,194.4904245526944,0.2271042415242668,Stable
2026-01-05 01:00:00,34.39374338076689,7.451444356677322,3.216199321304976,29.784006349574355,9.677805672430866,6.551297342151317,23.5808214184333,30.77883036238171,80.73507433592053,198.45749864155016,0.1806701178301172,Stable
2026-01-05 02:00:00,39.34986745191554,7.186289024843023,3.4367037945310837,24.69212561974752,11.416540808010648,7.348842491713991,22.741781963746813,32.44601331840519,75.94036812741902,189.06423468401823,0.2001821335954113,Stable
2026-01-05 03:00:00,41.332745722113806,6.975209724305101,3.453448536683923,33.59422439722022,7.9477714196055,6.857730904685798,27.505995834555016,30.8689954535352,79.96617330277954,193.58013636517333,0.1468893757386416,Stable
2026-01-05 04:00:00,40.59574646036493,6.5169724517836345,3.52291057680703,22.345920222990117,9.468735770873389,6.431297868724693,29.09633569007232,31.489592886314437,78.391292756206,168.81447657757195,0.2001193161858079,Stable
2026-01-05 05:00:00,41.986641904512496,7.119765081116855,2.9508802409074115,32.03563262858492,9.424008793824669,6.224582584887992,23.693173134333698,33.48881470716243,79.70062050158907,176.95199446729438,0.1579412994388845,Stable
2026-01-05 06:00:00,41.50445270653587,7.107215654234597,2.983621206737685,27.965697652719857,6.877409529912962,5.121851381484303,33.326442891153604,31.4871159946262,78.25101044251171,182.3204992385612,0.1606530428646922,Stable
2026-01-05 07:00:00,41.7519940188848,7.151220050990908,3.311059308381377,24.837694654565095,9.836997589531244,,23.11206652630136,32.783087140387956,79.56938206523712,191.07424769604305,0.230925085074792,Stable
2026-01-05 08:00:00,41.195161912052264,7.689747283356933,3.3664317690731536,27.71221168929962,9.563089357208865,6.46479030341119,17.726961997995126,30.75971153714999,76.63468975077106,170.03225256711605,0.1777219205503464,Stable
2026-01-05 09:00:00,41.45291326699813,7.44736703293406,3.0708629950400375,26.30632193764596,10.610168499192117,8.326046498495382,16.253147665527106,31.614065913704152,75.67532223356,179.60847363734186,0.1634388493738224,Stable
2026-01-05 10:00:00,41.74306335470154,7.319817057109995,3.6429547315645134,26.77977340125905,7.126227050678575,5.3840896023861,16.40501084454303,30.699662449227624,83.0868730682158,181.53923846772625,0.1467143258095148,Stable
2026-01-05 11:00:00,40.12810521955258,6.830618403579952,2.0389286884936024,23.965644634528047,9.51994077052245,6.7472547102088445,22.137846933423777,31.41051305174007,75.99248807673862,188.6034923589992,0.2014754100620248,Stable
2026-01-05 12:00:00,42.61247765287327,6.956361470224912,2.852150305818286,21.492057462225045,12.263468127311617,8.96467941443809,22.955918904992476,32.80195884988536,77.94513787521456,205.53381758254363,0.2019481523039892,Stable
2026-01-05 13:00:00,37.08136632914984,7.073443510060019,3.190054130347859,23.324644400187346,13.654999663824572,9.635843332829603,27.071698369559513,29.695620475321412,74.5984171479477,212.8163621553838,0.2211549271472524,Stable
2026-01-05 14:00:00,39.06019464919787,6.882886005277101,2.757913609727046,16.584275110258886,12.060258537943218,8.76286470416083,23.87126384135803,32.263116272315884,71.8190495898816,208.25256755926657,0.2200783213411068,Stable
2026-01-05 15:00:00,43.41262372058878,7.240130066995833,4.621898511106668,29.209741662663127,7.145856988699515,4.9170668661832355,27.795169655853833,31.999088439750835,84.26533264041673,194.90704225471032,0.2777106632096135,Stable
2026-01-05 16:00:00,39.403836137286376,7.199934477780397,3.4141463850437135,18.824180139122603,10.402105364087252,7.261572836187612,24.20201774680272,30.971426784641004,78.37352895407149,204.36719530029185,0.2336659300263349,Stable
2026-01-05 17:00:00,39.528111361648506,6.795273817944686,3.5325772586694275,23.911764723821506,8.533706850077772,5.942981849250743,24.060846417570897,29.91835022992375,80.45160781464689,185.92642621493897,0.2303939330324648,Stable
2026-01-05 18:00:00,39.95548904904489,7.435108678546914,3.0375769690259045,28.240225207405167,10.067801186259842,6.947564614974173,21.401183066961988,31.70800902022211,80.45030459020205,192.44074611916463,0.1961212799486887,Stable
2026-01-05 19:00:00,37.77949557758048,7.12864689346648,3.388165809720279,29.196983585499556,7.955566588446152,6.264333299007828,30.40164807179016,30.952526879420407,83.7924852729571,192.2969759875842,0.1158051529354783,Stable
2026-01-05 20:00:00,39.85420038926153,6.615860078912169,2.4885599017729496,16.126740315813805,6.0730531162954,4.690561785406941,17.108320665399024,31.83223460409673,82.42951412424492,168.19101454018784,0.1502218436680895,Stable
2026-01-05 21:00:00,42.41498962178699,7.085623999663408,3.272637222928694,24.54075962387461,8.810965522600334,5.980178697820005,25.35589630821247,31.543001586251556,80.73225278363984,173.99797708298487,0.1434197455334903,Stable
2026-01-05 22:00:00,42.511811271818495,7.178737807658413,2.697243678553183,27.29872349724411,10.94520539322003,7.270991241163522,23.18257292212845,33.401331123259645,77.98275943332352,188.04007189506297,0.2099771654294671,Stable
2026-01-05 23:00:00,35.73011354071892,7.372381861202007,3.191947311432878,25.26008054631163,10.075999510947623,7.268320077132048,27.517895688770253,31.15305986017983,77.06683122229818,190.59357976863205,0.1582761494827819,Stable
2026-01-06 00:00:00,37.74137511556913,7.005506607124547,1.4800625752731271,31.720374788367725,10.305895719828706,8.744973183356622,23.90626769479868,30.17186402872144,73.73551352293343,193.5196356118749,0.1307395803596743,Stable
2026-01-06 01:00:00,43.13824994090361,7.3318227148852175,2.5539975936673556,20.89096550042699,9.932700645958755,6.6894376238162385,24.03889667527154,31.57366235549419,78.60460450180176,203.0797776742184,0.184405813198579,Stable
2026-01-06 02:00:00,39.15211293731576,7.15239975629566,4.49794480338575,14.754794349049016,10.309054949691422,7.434196203176819,22.8001216996063,31.57970666101567,81.13828962691997,192.7273892565368,0.219801379150308,Stable
2026-01-06 03:00:00,37.301678555569296,6.731784709469477,4.022798311830656,29.051630083842607,10.559023518173404,7.759611219690862,30.269653818593987,32.90263593903766,78.89930889022074,190.51623238798263,0.2350459594056323,Stable
2026-01-06 04:00:00,44.0144765527079,6.703753303424896,4.389279501936423,22.31456940190756,8.950637142090763,6.480482196424926,24.010826482771304,32.22837878186281,76.38080488046813,171.34806145095467,0.1880354478443065,Stable
2026-01-06 05:00:00,40.97265768769818,7.414316763641818,4.4407909522531925,16.20729701207001,9.665781122839231,6.81242762028353,32.86343045226062,31.607872668072595,81.07802264127302,165.73639463161592,0.2236890654271381,Stable
2026-01-06 06:00:00,40.747708745457416,7.434875569946895,3.904740568123358,24.20743804716763,12.986516749739382,10.305182824653224,25.22511186732391,32.88773446308302,74.23980862061977,178.97315715861322,0.2361247439450394,Stable
2026-01-06 07:00:00,36.913339119878025,7.190414584513322,3.0603484859656485,31.152789879658503,9.784062058002275,7.386920127673678,24.09791928358797,29.65617459204216,72.98587326076021,182.28726699533416,0.1140309914635257,Stable
2026-01-06 08:00:00,40.4294017518885,7.518797881930408,2.622061790300783,18.68373691093651,9.585126992907837,7.443036033988294,23.346028680655028,30.264697892305023,80.95963254504846,169.6733708710127,0.2330073205020434,Stable
2026-01-06 09:00:00,36.785056388774066,7.395850757731649,4.260058454087273,36.679979769736335,9.705769014452798,7.39983259147716,26.5391110485833,29.86902318922645,75.93077942531443,181.6941287193058,0.2122083696569381,Stable
2026-01-06 10:00:00,40.756990360638625,7.291416044254322,3.448425980790543,20.81059202731669,9.06418296336756,7.0625136764337855,21.35222982191757,30.46047751160665,83.38763796942722,175.74606810283132,0.2477313723797148,Stable
2026-01-06 11:00:00,38.30678740121614,6.844832783154572,5.27051711228643,25.43505427062875,8.629288072558394,7.051356482579253,24.655840795675665,29.222396829767632,82.24014542893515,191.81362970457505,0.3116933710469434,Warning
2026-01-06 12:00:00,40.0709880511047,7.584800050289056,3.1261765179919343,18.904337910761956,9.917357048730864,7.965694750214475,24.036616563485182,31.58162420013,77.51314476711124,197.57226667316644,0.1952485674467773,Stable
2026-01-06 13:00:00,38.787696511812705,7.250164401018316,4.87967189108536,25.20805174348007,8.488569596081698,7.282040116594832,25.463614646693355,30.496666901141513,80.65983001830445,192.1229990732012,0.2415810825741829,Stable
2026-01-06 14:00:00,36.59120642741144,6.991965143108746,3.2824061569781833,24.331260891206615,9.208970141045569,7.33912347612002,25.575136468177895,28.941142500839792,,193.6877369856004,0.2230033020746945,Stable
2026-01-06 15:00:00,39.52037311340192,6.9128843985145165,4.402036447944025,17.552530488344566,7.918970586947426,5.489275415164976,25.808976960827607,29.429092872983382,82.58104700764504,189.8072442010117,0.2759239985288452,Stable
2026-01-06 16:00:00,37.23391552111637,7.17189945882388,4.672518802924341,39.129134844754546,9.716023609068635,7.545484943753951,24.427071357779813,30.96460118532004,78.87947645289285,188.34825144839292,0.2948579964748502,Stable
2026-01-06 17:00:00,36.28981967834873,6.632103456245233,2.632787553864466,22.52331415490653,10.668389888352054,8.204780589886486,31.060245715572183,31.533669932009147,84.55449509716362,163.80341788572625,0.215846208200108,Stable
2026-01-06 18:00:00,42.09136345024998,7.295908517098801,3.0362514412818484,22.527687213469857,9.07617028017817,7.58419509967259,25.901559672821175,32.86248320446503,79.21778224721305,183.6708546488076,0.1700280167678773,Stable
2026-01-06 19:00:00,43.16297866272817,6.833000171885672,2.6252655807261016,29.845179396768273,5.483243126221368,3.7110933912723545,35.726938297616975,33.900502006593875,83.97129392097573,169.88939021265412,0.1714002137655403,Stable
2026-01-06 20:00:00,39.79809294602239,7.2037702704708,2.4775416338063323,34.07127441674234,10.680743088110944,8.124705722906029,24.224331338546428,30.837610640998864,74.97872393924091,172.49441614707854,0.1604288708257666,Stable
2026-01-06 21:00:00,37.90379278124327,6.953946305539715,3.900300137893713,30.632184340021514,9.74036768551952,6.745605253653896,28.315109816048285,29.088336042007192,74.07283515049326,173.1788387675115,0.2469524614325822,Stable
2026-01-06 22:00:00,35.01073727263015,7.025962760437083,3.2525287223132335,18.994099384867067,7.51353709997308,5.696688549008974,20.732778562313936,27.65181802930525,79.76695717015603,177.85184895676673,0.2414871986519431,Stable
2026-01-06 23:00:00,40.04003323656282,6.888065235625781,3.4392747423926022,26.069545047473312,11.046540484646544,7.933503128947579,30.303551648900864,30.465067827791778,77.04947972627475,185.42906334742915,0.1900971660087945,Stable
2026-01-07 00:00:00,37.00977743193516,7.054855759269375,3.81717935122996,15.593137588075027,6.703149598568306,5.070066518683463,20.830722284514888,29.100893685444248,82.12000936245634,180.3293830897895,0.1832142229042013,Stable
2026-01-07 01:00:00,36.53546448227863,7.629026272884859,2.006959874713814,29.50852540661178,11.590815230648936,7.562211805355813,26.051451080802423,29.509691603908987,72.85975715241545,179.90437066629238,0.1021125450243556,Stable
2026-01-07 02:00:00,36.5806274780798,7.487816695573619,4.365074502967791,16.82405930734769,9.385266760705576,7.2607000525232595,22.81007759296143,29.204410102590597,80.2664190445893,194.6674367436076,0.2221755670933877,Stable
2026-01-07 03:00:00,41.74119167337362,7.199254107398728,3.138179377495062,20.983993381953816,4.962269849245339,3.6786957505137927,26.034035087025973,29.69991227582196,80.96176634064547,185.14655127881096,0.1686742640933776,Stable
2026-01-07 04:00:00,35.60717042490519,7.092917605641813,3.799300979678393,24.983992479843447,9.856659174526476,7.277867432447134,22.943416934078293,31.077122588996055,79.66517672395956,201.14470898902528,0.2677887974733929,Stable
2026-01-07 05:00:00,38.914236682229266,7.336376333394007,3.8655346294214104,27.225032805705062,8.687615263818127,7.273814965599838,20.448361977354526,29.914660473637667,81.649700943291,201.9981870527825,0.2693667723121796,Stable
2026-01-07 06:00:00,34.105067581115804,7.416391710350116,4.428097420572881,23.695326883023405,8.386301416353728,5.9455808753838335,22.77783469590997,29.463288436363243,78.6249258585147,206.34196670353347,0.2927600301641628,Stable
2026-01-07 07:00:00,36.12106077504234,6.867650852981892,3.321356959162725,32.59541838366441,8.024548477087563,6.008979290395176,30.937110558637407,28.33752745168829,77.56590419224344,205.32249062653668,0.2131346228327017,Stable
2026-01-07 08:00:00,34.62933456327528,7.078317117062983,1.8072719057178015,28.616197910961397,9.245568418280255,6.800253223801979,26.102743208273164,27.496589533583652,82.6135548751788,196.7603039591505,0.1357829524128325,Stable
2026-01-07 09:00:00,32.6777374512957,6.589851695720937,3.4428457100901704,28.223623770321044,8.529622637665717,6.319530487234324,18.20017486554391,28.847794044655455,81.65265759808229,178.48514205773645,0.1418322601992137,Stable
2026-01-07 10:00:00,38.06933365825486,7.41446859087305,3.550530143621201,18.852995490076683,5.786619513623229,4.931352605597718,28.92922215558027,29.291258477387338,82.59332132099529,174.8158964009543,0.1807110934122314,Stable
2026-01-07 11:00:00,38.64097323945376,7.67820679215624,2.624304355644912,33.496839487727016,12.044135773354409,8.834486685187096,19.988186188527244,31.401049363838155,79.62693363584522,179.49260847610094,0.0846985539298482,Stable
2026-01-07 12:00:00,33.16051066239745,7.122423134894464,3.510617990824704,20.984674278607443,9.01128468807639,6.297082234891665,27.345116796261685,29.358923347519937,79.1968696218624,175.0901305720052,0.1694991721127169,Stable
2026-01-07 13:00:00,39.98342529462394,6.504997165027155,3.129236173955281,33.68771216493547,8.036129968243474,6.693289868036751,26.489243164181577,30.30428911307544,78.4126020062699,166.56507841017682,0.1450467599291056,Stable
2026-01-07 14:00:00,39.31763743180899,7.270489344641568,2.392934538038117,35.110975284627855,7.243152634909338,5.164926405417149,26.773397098131095,28.447625075831123,78.25259220415876,178.55885515564256,0.149570511245645,Stable
2026-01-07 15:00:00,38.52626754817505,6.846855033478257,3.903613671256963,27.56328266181887,11.041464134905842,7.085475386641378,32.33935124775681,27.546018863581903,76.68903802671005,188.1792406128483,0.2223065171155455,Stable
2026-01-07 16:00:00,36.44831259264392,6.914262156333951,2.977206136826653,30.160065488397105,6.903136061806951,4.758011355288429,20.271115837940933,27.730399711340976,83.02616513314703,182.8155769241942,0.1347258027579931,Stable
2026-01-07 17:00:00,36.03041365336016,7.275441389141481,3.095215588947198,10.0,9.767974603715931,6.460906536641003,26.74857649149073,27.938297376205934,81.70642343405362,184.33634934963425,0.2083079802412523,Stable
2026-01-07 18:00:00,41.93853848406746,7.1712751551435625,3.053065864534686,24.024987922548114,8.332701996252837,5.257950786375617,29.668148755945737,31.282225242275864,79.72607354383335,192.2586873759812,0.1546612226201894,Stable
2026-01-07 19:00:00,39.02614556673358,6.963329542905191,4.32660894809811,30.510828199597697,8.449160678875336,5.9991928300378,21.104962342688076,27.661378396053387,82.58365164096386,197.84026317877252,0.2302426402967295,Stable
2026-01-07 20:00:00,39.838859654914,6.918110422871534,3.369312878669956,29.62255134157042,7.2928809380482,5.295638867667276,20.644108887682524,29.57172224916275,80.17144548319672,191.51452994414433,0.1418691882164894,Stable
2026-01-07 21:00:00,33.516976278203416,7.135234095461833,3.459324865409366,18.901383309500613,8.259361134956679,6.565605979470467,22.70765607552405,27.40005148266302,77.78664381840369,204.92024410946084,0.2440004372373815,Stable
2026-01-07 22:00:00,37.92173069787501,6.9853496452965365,3.069522884210202,23.53138980066063,9.517624783013716,7.277338552578701,25.461298661199304,29.51904099144517,75.21659213248532,209.2032524347613,0.1820225075044965,Stable
2026-01-07 23:00:00,37.65930091154993,6.789413602591157,3.747150116691179,12.318172473994268,9.970624452697988,7.598721445061873,17.652856767175717,28.78026862296707,76.76377564144734,195.88683746530393,0.2504426871302327,Stable
2026-01-08 00:00:00,32.42791148738051,7.006882309186059,4.411988536338003,27.064964200863766,7.928815037434044,5.39851964668295,26.48130895886242,28.047145425214968,76.89954139394182,193.76008523647067,0.2015738267814581,Stable
2026-01-08 01:00:00,37.04133463903209,7.195085934511451,3.88589561311488,15.58335799386588,9.318131195125172,7.255761605306518,17.66225966214423,28.10261331979054,83.70564788285033,193.23283158027908,0.2365406515350524,Stable
2026-01-08 02:00:00,39.827842994642495,7.050131029290502,3.915150221001142,30.65238921393786,11.276908861940845,,29.81998871613351,27.281859342683713,77.82133220383253,199.84326156810064,0.2253054163501302,Stable
2026-01-08 03:00:00,37.79852342234796,6.704217592490508,3.854672654413259,30.91362430358705,6.174742886101855,4.641562866164418,26.311950726405556,28.51865109074638,81.58621999098737,192.7618710741423,0.1358548504912347,Stable
2026-01-08 04:00:00,38.29967891510239,7.37693809398515,2.3648180175166273,22.62816592796751,9.487462052816282,7.146321348631065,32.60912942461022,27.352852752218876,82.81754235304766,178.5043044833487,0.2239837829639475,Stable
2026-01-08 05:00:00,34.7091376084293,6.333132797655866,2.742910876225646,27.60637965227044,7.598432109195653,5.018323117906722,27.00952692274184,26.34330814817189,77.14589946837557,168.76299852894195,0.1332546102414897,Stable
2026-01-08 06:00:00,34.04903424744819,6.975017756592038,3.246259454800655,23.914506379697457,7.394631655766937,5.8269251508139535,22.628577969955536,26.19547089541583,80.2625112544937,177.02656712711098,0.197431938797276,Stable
2026-01-08 07:00:00,36.6133891686914,6.926344432724903,2.8556019681300806,26.20954197507433,10.022023025996202,8.29769067105687,20.405952891520514,27.85084638852945,82.97716145425845,188.32366947872225,0.2330667764185268,Stable
2026-01-08 08:00:00,35.82155124733213,7.141490085803996,2.6015972314330016,19.26370288378425,8.409497062664881,6.288305554559436,25.07500976135038,29.453204543301,79.23040167052345,189.8824251718478,0.2141684269762208,Stable
2026-01-08 09:00:00,33.737123310905346,7.257265306184766,1.9958681943470695,28.112463116199542,7.0663937475297995,4.927469495135738,23.86387235184956,27.66467368537412,87.05064069848152,197.98221555330608,0.112345558980078,Stable
2026-01-08 10:00:00,37.777175519174186,7.4154941463130895,2.390103090149394,16.794073848877918,12.148566384139976,8.76021317102002,29.337625656947743,27.244566404835457,77.81544571446388,209.97344062651987,0.1794476660433144,Stable
2026-01-08 11:00:00,38.38874244008505,6.900526635461395,3.2076058319930496,15.850349188353093,11.34017902866366,8.016110151266387,19.821215326403177,27.644057754352016,79.92463574291693,203.1326571861107,0.2381788828069576,Stable
2026-01-08 12:00:00,34.80010062389614,7.264243054453375,3.3479302248858365,24.39035841666504,5.635388087281662,4.0021132512339745,33.0940590020744,28.782313255070843,85.70184897135552,185.75694028889092,0.1663343365449529,Stable
2026-01-08 13:00:00,37.32834881188002,7.154829148606809,2.8052096679020684,23.943783601943604,6.551143743995864,5.015811593783384,29.73649623771747,27.392351202772293,81.45286240662423,175.60541885099724,0.1625597828951793,Stable
2026-01-08 14:00:00,34.37600235623091,6.620768974948697,3.4591939095124196,26.36150865275875,10.686914142637365,7.96571081733059,23.084143663842852,26.54992230744296,76.0925566958737,167.61562473756885,0.187221413992724,Stable
2026-01-08 15:00:00,36.96412861660929,7.6321512715215505,3.0746247693187176,21.75246254881835,8.930252333925061,7.0121816007876685,32.09019403936929,28.284511467628427,78.7811468663739,163.92442540186877,0.2136344476002032,Stable
2026-01-08 16:00:00,36.3058528038884,6.697142964372744,4.217930190530386,34.428458328927945,12.501149288709914,9.38085792536916,20.475923572242273,27.38541552501827,73.03151945300603,164.48495588347896,0.163157512142102,Stable
2026-01-08 17:00:00,38.61649696162118,7.21745923624672,3.278780676981372,25.80302494689721,10.73267279708202,7.3247825997768,24.925154054618528,28.62779602537254,77.1024199948435,174.85374657394016,0.2079519862602386,Stable
2026-01-08 18:00:00,35.0842513415637,7.209188784375369,3.9222481610512863,26.16440889258113,10.098931047707996,7.094114682452258,18.25588026793656,26.91881493783732,77.8900538291796,169.3878626404804,0.1983978490371172,Stable
2026-01-08 19:00:00,35.96402875637195,,3.5524103217210192,25.98616938703523,7.456274616349125,5.212262101711187,32.30956165335635,25.14370476576808,84.76681287194889,182.55870920333032,0.1994164737514675,Stable
2026-01-08 20:00:00,33.50435089133906,6.96151847299475,2.3484467205669586,30.01454934474039,10.482880589728945,7.544991935430942,16.5867593411356,24.885525211819207,79.00030868708974,191.25980073688729,0.1505785244036929,Stable
2026-01-08 21:00:00,,7.331630742319341,3.3320063681971184,27.88008707242232,6.948472090499067,5.758263115802014,17.51801236682029,28.422818483069022,86.95807180396811,181.48687394443465,0.2057812818235672,Stable
2026-01-08 22:00:00,34.75813279460256,6.663097107295933,2.4732819255034872,27.210089498541397,12.110489066820138,10.142770476004587,21.143791018224583,28.42465797767705,70.49065068907,187.11368785901735,0.1714975781774945,Stable
2026-01-08 23:00:00,38.37289898087118,7.081567939171301,3.318909371337309,28.67992052432795,10.344277178036483,8.027294248735998,29.95045653604273,26.05558095946151,74.61311357188866,200.19574492321289,0.2282472364256211,Stable
2026-01-09 00:00:00,34.665789996354164,6.942115090565311,2.841151887076983,15.876926814764044,7.850338846484815,5.782025840565059,28.296801987354986,25.726140149944232,79.26129783435177,194.5246204020416,0.2174719455473289,Stable
2026-01-09 01:00:00,37.280895072753026,6.910356576221231,3.6864722751136063,16.065761747071114,11.109354856264629,7.277839771721973,24.54922782703098,27.85490022206283,80.62188130377088,189.5986257347585,0.1933332623487052,Stable
2026-01-09 02:00:00,29.47180911015685,7.220049380486992,2.393234246900349,24.61970627349278,13.98304977827267,10.376827628125197,28.585167950252828,24.688180732579937,73.74300722101896,196.190473677135,0.2473691007423928,Stable
2026-01-09 03:00:00,31.21331895389583,7.401693991961511,3.4110263689595777,24.01163058659049,9.064765800381098,6.223411322524523,23.48063823879983,24.85872300005403,75.26566711049078,190.8769795841902,0.221048079778873,Stable
2026-01-09 04:00:00,37.09623117831126,7.003888386685677,3.829311686922395,27.89904922024104,10.600826379382584,8.689271631279517,25.90092950670598,26.620463802473793,76.78636253024501,206.8107504066778,0.2155909212811602,Stable
2026-01-09 05:00:00,33.865145186749025,7.318590705179218,4.080696676981747,25.10008451091753,8.636341360617998,5.541630958346755,31.43276734045252,25.291362950163816,76.36966299499473,187.861213228726,0.263760013217173,Stable
2026-01-09 06:00:00,29.847966826638025,7.113927386324487,2.826874181586833,27.909324672271055,9.67070443523669,7.264117126841586,22.89021507058104,25.67552629629588,74.8452311443888,203.1541651343697,0.1476028491437338,Stable
2026-01-09 07:00:00,35.47929500374214,6.850034981413358,3.4133132291553814,18.77202365219357,6.485530879937105,4.422592685942621,20.55132320652732,25.402715145774504,86.51153866419764,175.06287763466406,0.1589512584179242,Stable
2026-01-09 08:00:00,32.83395975348582,7.027773413892501,3.53811022968368,24.94627714795653,9.49894097298827,6.929255780092438,26.116672714471456,25.921525362191268,77.6220368603101,176.46196237521,0.2029302610782959,Stable
2026-01-09 09:00:00,37.94607700065075,7.016143950578347,4.560344709657076,18.29471631021108,9.587154659661223,7.349836333044295,27.331234383711976,27.123443028897327,78.84572749734507,184.26129766968864,0.2461078036241117,Stable
2026-01-09 10:00:00,33.285988119952044,6.904935224498475,2.289002454437397,26.934289671857005,13.097995553689495,10.29775252798561,24.497014817153755,25.461659477159444,74.66961357839028,207.3473609381744,0.2412884469485226,Stable
2026-01-09 11:00:00,34.454078360619626,7.219975220023633,2.7166730911967134,15.608574788183397,5.909993774593301,4.294568126420464,28.515215911677146,26.044664988578564,81.46126716388558,207.43030039168428,0.1554082554629068,Stable
2026-01-09 12:00:00,33.08913398229723,7.165700932557332,5.50334686955206,26.7415504927044,8.93823308178444,6.899126352020533,23.09433388694919,22.731224825113937,76.96011433749646,198.60251235000808,0.3060507003096573,Warning
2026-01-09 13:00:00,31.258012149954713,6.654618084484563,3.195177037033019,17.655003095514438,12.076234435662071,8.375643206073235,24.573957043125713,25.052998091664037,75.14717905390881,177.90994078032054,0.2128902465700585,Stable
2026-01-09 14:00:00,30.034478676698345,,1.981754642572544,23.082361033891026,9.016457008402488,6.703777362095933,25.68558697153624,24.020172292366222,79.82663168790789,165.79474101066725,0.247826416733812,Stable
2026-01-09 15:00:00,31.09764769261733,7.21891164689761,2.963087392488875,29.474638457246243,9.157316934030003,7.18960556286223,25.293124671168503,23.49064453341354,82.38927134612987,169.17484257069444,0.1339303815746862,Stable
2026-01-09 16:00:00,33.47556105908018,6.87171979993753,1.3233450839017284,26.136899942992088,7.833481950235652,5.8615240633951,31.25972233179982,23.82121545983773,82.53510714114954,168.30548675970442,0.1152760548082496,Stable
2026-01-09 17:00:00,29.73470344417957,7.18457152342809,3.5806905343421147,16.771698881378494,7.634789239474484,5.351117629178372,25.663003125001495,24.39645794940655,77.31754351688781,181.83262424322547,0.2849184506196651,Stable
2026-01-09 18:00:00,30.483480383506727,7.318660841870573,4.007338570208664,21.63803077652988,5.848292468333696,4.179497826172401,22.63244039285392,25.81954958328492,84.62303857725782,171.7766928378005,0.2573228736250264,Stable
2026-01-09 19:00:00,32.699973054430785,6.744133205526443,2.716253217873435,17.49310737261599,8.241569504711691,6.47672874021992,26.375917656709554,23.052531200343203,80.94702552410673,161.05235693622905,0.2147465905926981,Stable
2026-01-09 20:00:00,31.399437630435845,6.7047695687186675,3.04695705831137,16.52620750197403,7.521289889775753,5.03887722621837,28.53982878121557,24.605394255569852,78.91690760869051,143.14457625142637,0.2256868129609943,Stable
2026-01-09 21:00:00,31.128335586930262,7.568840871070682,4.092740616526684,25.58831588066987,9.736077667314149,6.601670795347907,27.484059486834575,23.912787612770828,78.71916507315227,137.03448300604498,0.2825418662287264,Stable
2026-01-09 22:00:00,28.31285952780605,7.198439819229488,2.087338401365447,27.801491717800516,7.924663595152537,6.0472107943886675,27.234634070233405,24.026480331686383,,154.6455254039495,0.1880136249225927,Stable
2026-01-09 23:00:00,32.191700520851896,6.982612616131484,,27.203029603578447,8.540818029902987,6.028511657680335,17.258774354186844,25.54965914955586,79.57681433965419,156.82176640388616,0.1437911536259619,Stable
2026-01-10 00:00:00,32.904401738439155,6.838496673259046,3.22891361371327,28.013134074398753,8.59558921388468,5.587836101352859,12.783693224218528,24.919536331701455,80.60501912150713,143.270589350627,0.1093889101542127,Stable
2026-01-10 01:00:00,35.66768713212619,6.957076562305962,2.8357488718998862,24.94044574557091,9.403669635419256,7.56332472037813,29.738690423792807,25.80693141688041,76.43895282227125,160.4457735161608,0.1389297343885326,Stable
2026-01-10 02:00:00,30.40327151290922,6.7666397458882726,3.179599826894809,23.63304890625016,8.442955487190318,5.652744310013987,25.974858507927593,23.945731845378496,84.53912462342596,162.60761634233523,0.2091219014172757,Stable
2026-01-10 03:00:00,34.54069484499779,7.347355408745365,2.4521872604451085,19.63465336468843,7.376427820125736,5.30388284827874,23.902901625231287,23.22594260453279,75.8003603574287,170.22681989960157,0.1599035288279416,Stable
2026-01-10 04:00:00,30.354137055259187,6.88250967699023,3.5607351144411306,22.799601641247506,9.671532887895676,6.730674722755589,27.124408625010695,23.723249103618787,79.77309517042467,185.84284492836065,0.1888835514557663,Stable
2026-01-10 05:00:00,30.84838954653848,7.406189684700554,3.2880751861150084,18.393258073369147,11.634966432529222,8.3030309408485,32.672894710496614,24.214573149708823,77.28194222499658,180.76795118987832,0.2146364086799344,Stable
2026-01-10 06:00:00,35.14278906096089,6.987823902464396,3.8118928706747743,20.7741723643654,9.756932391581548,6.647846172622539,30.360890246308845,24.06807395716528,79.85042609204774,179.51734935763716,0.2736762491604138,Stable
2026-01-10 07:00:00,30.91138105186498,6.807861948587152,3.550299625360219,25.44463435219021,8.280359123522755,6.369959033313399,28.32999257760881,22.488460747137143,77.94871499735659,180.35005434216487,0.2141166963742241,Stable
2026-01-10 08:00:00,30.728756493884873,6.980635555356136,3.5550175543720175,24.41096956229539,9.25370718981275,6.811610312965667,20.009734652253105,23.832805951908025,81.66928538101988,181.218802346689,0.1785053661882827,Stable
2026-01-10 09:00:00,31.623288412737832,6.365233302299603,2.315269484102415,40.32364018947388,5.398734459286922,4.233152806105111,20.594441386635555,23.933554675099018,82.3313138365173,160.72929801202844,0.1865568608497889,Stable
2026-01-10 10:00:00,37.323248952739746,7.066184798531277,3.769443663733654,18.27102201247496,9.221194500922271,6.422522764740973,13.26117893384532,26.617101797655625,75.8132681514029,153.95241337425654,0.1958339644216732,Stable
2026-01-10 11:00:00,36.71821303835448,7.052366626483555,3.1518501986466685,24.374506395841088,8.699291261819054,7.371050391580303,26.85081063248214,25.78580739910312,76.56368276749106,175.77079465853762,0.2338636527627745,Stable
2026-01-10 12:00:00,28.814603570253016,7.33092796903343,3.2750512692627867,17.88133944398138,7.633079283986976,4.772539441975931,28.988822388575247,22.44818992879353,80.678683388107,171.3726047832372,0.2219288116474049,Stable
2026-01-10 13:00:00,30.981887777602964,6.571834620164653,4.186198282293107,23.061070620150247,7.995803295336064,5.1398429249778745,29.3558012078618,23.06675539776118,76.01289289601021,166.82210812469043,0.2653553464919965,Stable
2026-01-10 14:00:00,29.776395482698305,7.425322581041793,2.8604233326123287,23.26453408942408,8.679530996920706,7.172935112931387,27.03943712074549,21.596081827363157,83.82173396168535,174.84100568211312,0.2589295070094553,Stable
2026-01-10 15:00:00,28.61256130796765,7.329767802599344,4.41338824634425,29.22440013116569,11.48491655201298,8.683427177573412,23.306699137977088,22.58504152900084,79.13738664934361,176.98729847588035,0.2267709509990351,Stable
2026-01-10 16:00:00,31.504021761348376,7.450572197835625,4.48335647452982,22.751667303910395,11.684120833560186,8.7487920019917,21.460751421404353,23.61539186664837,80.8829899685673,191.60875980400152,0.2338460016229737,Stable
2026-01-10 17:00:00,32.63822700201656,7.085238014718841,3.9645883280232783,24.043401999719205,7.643749676884379,5.761248091128411,20.28585841759156,24.62758128111317,84.65980904588787,184.13940958714792,0.2157586891213049,Stable
2026-01-10 18:00:00,32.53109814574594,7.3838911135487715,2.6645343919244335,22.8484101876389,8.463845253513213,6.444510581887577,23.264588178756604,22.250679187872468,78.6563885844828,181.73994620277415,0.1776659328638784,Stable
2026-01-10 19:00:00,32.701625053147474,6.688051670226066,1.760280065779801,17.994741279713956,8.514820085422844,6.35620441373886,19.59978185746598,22.28677499652507,77.31185625795172,162.2779710470476,0.2798875122517124,Stable
2026-01-10 20:00:00,27.78392004868252,7.299653318257269,4.209126185694956,21.739488141034464,11.119091031100249,7.526237554368132,31.90179329253864,20.44233884540054,70.18647726348928,163.4226328431959,0.2611743531851895,Stable
2026-01-10 21:00:00,30.34449487601977,6.884074426612015,3.4835387959983097,23.090316424580912,9.791013105263234,7.58804004992178,18.139328011204796,22.77240116374139,77.19340158250435,168.96138346625224,0.1781167337540007,Stable
2026-01-10 22:00:00,30.970997052650215,6.637607486921578,2.8411018968839032,25.36912941703192,9.685579725282084,7.422421031439489,23.113260253998497,21.642412448538945,82.7285524143078,167.84754342649126,0.1557514849880899,Stable
2026-01-10 23:00:00,29.062524795687143,6.785240654913979,4.280171757816702,27.79473643612413,10.57252522684238,8.548560253949221,15.287017139561067,22.23290169354117,75.35784812941462,168.257682121121,0.2761903142367136,Stable
2026-01-11 00:00:00,30.94541997258052,7.101548718816195,2.753830839341643,23.827017451444853,8.307173183178136,6.870308512668246,25.334496875841293,21.768139669105715,79.16802432966247,184.59709705549,0.2023138765821965,Stable
2026-01-11 01:00:00,30.484826673393187,6.86919622169907,3.081883556326793,23.739118680093267,12.227773148708115,9.148528657869294,23.989273306092915,22.660639648131617,74.38580122858468,199.65815671084997,0.1738443926349452,Stable
2026-01-11 02:00:00,26.68031792614567,7.205300588874824,3.7936677732377455,16.395934207564736,9.496510685159596,6.29129402022894,22.39444340862207,20.61911508162291,79.4409771988597,176.27324811157203,0.2794802238881707,Stable
2026-01-11 03:00:00,27.010161639521964,6.593693484598875,2.564797876288842,27.698672586281756,7.788175107616174,6.44462737193551,19.802475302864757,20.923835065281256,83.42703660291961,154.3155128809917,0.2899979649898789,Stable
2026-01-11 04:00:00,36.090682332949555,6.504412687787559,3.3178893177946995,21.520510564249797,9.04071951240432,6.093460804938769,24.011078260144274,25.19656494088735,75.11125394380939,137.5471854155692,0.2094353809636602,Stable
2026-01-11 05:00:00,28.742188924316885,7.484268481560201,4.216852887935021,28.73561619114888,11.963856648415744,8.95599988744015,21.54992599493593,21.055031882603483,72.66670339750777,155.61467789512173,0.2774496545017377,Stable
2026-01-11 06:00:00,32.52427888050359,7.353064036232401,3.5583330577158474,31.58219973927098,8.649715728032456,6.192155329993183,23.38409449784999,21.243570692706967,83.06683437015343,162.6360176916645,0.2526314590855685,Stable
2026-01-11 07:00:00,31.69782725888121,6.806196885944134,4.335569752617761,24.060424866534973,11.399115598089663,8.051373238563118,32.808435008630966,24.725099780311034,78.43355158803986,169.04617534276468,0.2311543452388559,Stable
2026-01-11 08:00:00,34.551711993728055,7.099160099828248,4.250201768504498,19.88344359617054,8.249308414456957,6.368767250858201,24.77479747151656,25.96930159146507,79.1022401821719,172.7751963740783,0.2220569103206349,Stable
2026-01-11 09:00:00,33.82645034097499,7.38546197685637,3.4058037508162147,24.91650693456851,7.968672606445388,5.924272020868942,26.397902435883147,21.04109689493851,84.29903429837064,183.21382017154951,0.1822691275624386,Stable
